<?xml version="1.0" encoding="UTF-8" ?>
<!DOCTYPE configuration
        PUBLIC "-//mybatis.org//DTD Config 3.0//EN"
        "http://mybatis.org/dtd/mybatis-3-config.dtd">

<configuration>
    <typeAliases><!-- 在mybatis-config.xml配置中使用别名，方便省去输入全路径 -->
        <typeAlias type="com.cykj.bean.Discuser" alias="Discuser"/>
        <typeAlias type="com.cykj.bean.Admin" alias="Admin"/>
        <typeAlias type="com.cykj.bean.DisFile" alias="DisFile"/>
        <typeAlias type="com.cykj.bean.File" alias="File"/>
    </typeAliases>
    <!-- 环境配置 -->
    <environments default="development">
        <environment id="development">
            <transactionManager type="JDBC"/>
            <!-- 数据库连接相关配置 -->
            <dataSource type="POOLED">
                <property name="driver" value="com.mysql.cj.jdbc.Driver" />
                <property name="url" value="jdbc:mysql://localhost:3306/cykj?characterEncoding=utf8&amp;useSSL=false&amp;serverTimezone=UTC&amp;rewriteBatchedStatements=true" />
                <property name="username" value="root" />
                <property name="password" value="123456" />
            </dataSource>
        </environment>
    </environments>
    <!-- mapping文件路径配置（创建问UserMapper后才需要引入） -->
    <mappers>
        <mapper resource="mapper/UserMapper.xml"/>
        <mapper resource="mapper/Login.xml"/>
        <mapper resource="mapper/File.xml"/>
    </mappers>
</configuration>